Delta,Time,CPU_FREQUENCY_0,CPU_FREQUENCY_1,CPU_FREQUENCY_2,CPU_FREQUENCY_3,CPU_FREQUENCY_4,CPU_FREQUENCY_5,CPU_FREQUENCY_6,CPU_FREQUENCY_7,CPU_USAGE_0,CPU_USAGE_1,CPU_USAGE_2,CPU_USAGE_3,CPU_USAGE_4,CPU_USAGE_5,CPU_USAGE_6,CPU_USAGE_7,DRAM_ENERGY (J),PACKAGE_ENERGY (J),PP0_ENERGY (J),PP1_ENERGY (J),TOTAL_MEMORY,TOTAL_SWAP,USED_MEMORY,USED_SWAP
0,1729531336806,4300,4300,2852,4240,4299,4299,4300,3924,0,13.793103218078613,3.4482758045196533,3.4482758045196533,6.6666669845581055,6.6666669845581055,6.896551609039307,0,0,160422.8741455078,115063.10565185547,5638.5784912109375,16459386880,19327344640,1223041024,6254948352
200,1729531336806,4300,4300,2852,4240,4299,4299,4300,3924,0,13.793103218078613,3.4482758045196533,3.4482758045196533,6.6666669845581055,6.6666669845581055,6.896551609039307,0,0,160422.8741455078,115063.10565185547,5638.5784912109375,16459386880,19327344640,1223041024,6254948352
0,1729531337006,4300,4300,2852,4240,4299,4299,4300,3924,0,0,5,23.809524536132813,0,0,10,0,0,160424.78735351563,115064.41552734375,5638.595703125,16459386880,19327344640,1224441856,6254948352
