Delta,Time,CPU_FREQUENCY_0,CPU_FREQUENCY_1,CPU_FREQUENCY_2,CPU_FREQUENCY_3,CPU_FREQUENCY_4,CPU_FREQUENCY_5,CPU_FREQUENCY_6,CPU_FREQUENCY_7,CPU_USAGE_0,CPU_USAGE_1,CPU_USAGE_2,CPU_USAGE_3,CPU_USAGE_4,CPU_USAGE_5,CPU_USAGE_6,CPU_USAGE_7,DRAM_ENERGY (J),PACKAGE_ENERGY (J),PP0_ENERGY (J),PP1_ENERGY (J),TOTAL_MEMORY,TOTAL_SWAP,USED_MEMORY,USED_SWAP
0,1729543020181,4299,400,4299,3711,623,3780,4299,4300,6.896551609039307,10.714285850524902,3.5714287757873535,3.5714287757873535,3.5714287757873535,6.896551609039307,3.5714287757873535,0,0,113705.27996826172,33100.482666015625,5690.8726806640625,16459386880,19327344640,1262321664,6766837760
200,1729543020181,4299,400,4299,3711,623,3780,4299,4300,6.896551609039307,10.714285850524902,3.5714287757873535,3.5714287757873535,3.5714287757873535,6.896551609039307,3.5714287757873535,0,0,113705.27996826172,33100.482666015625,5690.8726806640625,16459386880,19327344640,1262321664,6766837760
0,1729543020382,4299,400,4299,3711,623,3780,4299,4300,0,25,0,0,0,0,0,0,0,113706.92822265625,33101.63000488281,5690.90478515625,16459386880,19327344640,1280921600,6766837760
