Delta,Time,CPU_FREQUENCY_0,CPU_FREQUENCY_1,CPU_FREQUENCY_2,CPU_FREQUENCY_3,CPU_FREQUENCY_4,CPU_FREQUENCY_5,CPU_FREQUENCY_6,CPU_FREQUENCY_7,CPU_USAGE_0,CPU_USAGE_1,CPU_USAGE_2,CPU_USAGE_3,CPU_USAGE_4,CPU_USAGE_5,CPU_USAGE_6,CPU_USAGE_7,DRAM_ENERGY (J),PACKAGE_ENERGY (J),PP0_ENERGY (J),PP1_ENERGY (J),TOTAL_MEMORY,TOTAL_SWAP,USED_MEMORY,USED_SWAP
0,1729536732383,4300,1638,400,2497,4300,700,2918,1817,3.4482758045196533,10.714285850524902,0,3.5714287757873535,3.7037036418914795,3.5714287757873535,3.4482758045196533,0,0,261994.69384765625,199674.8223876953,5665.543212890625,16459386880,19327344640,1102757888,6578593792
200,1729536732383,4300,1638,400,2497,4300,700,2918,1817,3.4482758045196533,10.714285850524902,0,3.5714287757873535,3.7037036418914795,3.5714287757873535,3.4482758045196533,0,0,261994.69384765625,199674.8223876953,5665.543212890625,16459386880,19327344640,1102757888,6578593792
0,1729536732583,4300,1638,400,2497,4300,700,2918,1817,4.761904716491699,0,0,0,0,30.000001907348633,5,5,0,261996.58654785156,199676.1351928711,5665.5615234375,16459386880,19327344640,1123061760,6578593792
