Delta,Time,CPU_FREQUENCY_0,CPU_FREQUENCY_1,CPU_FREQUENCY_2,CPU_FREQUENCY_3,CPU_FREQUENCY_4,CPU_FREQUENCY_5,CPU_FREQUENCY_6,CPU_FREQUENCY_7,CPU_USAGE_0,CPU_USAGE_1,CPU_USAGE_2,CPU_USAGE_3,CPU_USAGE_4,CPU_USAGE_5,CPU_USAGE_6,CPU_USAGE_7,DRAM_ENERGY (J),PACKAGE_ENERGY (J),PP0_ENERGY (J),PP1_ENERGY (J),TOTAL_MEMORY,TOTAL_SWAP,USED_MEMORY,USED_SWAP
0,1729455214234,4300,510,1328,3950,2017,1784,4300,399,0,13.333333969116211,3.5714287757873535,3.4482758045196533,3.4482758045196533,0,6.6666669845581055,3.4482758045196533,0,243301.54248046875,153884.4110107422,1366.84423828125,16459386880,19327344640,1130426368,3079917568
200,1729455214234,4300,510,1328,3950,2017,1784,4300,399,0,13.333333969116211,3.5714287757873535,3.4482758045196533,3.4482758045196533,0,6.6666669845581055,3.4482758045196533,0,243301.55639648438,153884.42260742188,1366.84423828125,16459386880,19327344640,1130426368,3079917568
0,1729455214434,4300,510,1328,3950,2017,1784,4300,399,0,0,4.761904716491699,0,26.3157901763916,0,0,0,0,243303.59161376953,153885.82537841797,1366.9036865234375,16459386880,19327344640,1153171456,3079917568
