Delta,Time,CPU_FREQUENCY_0,CPU_FREQUENCY_1,CPU_FREQUENCY_2,CPU_FREQUENCY_3,CPU_FREQUENCY_4,CPU_FREQUENCY_5,CPU_FREQUENCY_6,CPU_FREQUENCY_7,CPU_USAGE_0,CPU_USAGE_1,CPU_USAGE_2,CPU_USAGE_3,CPU_USAGE_4,CPU_USAGE_5,CPU_USAGE_6,CPU_USAGE_7,DRAM_ENERGY (J),PACKAGE_ENERGY (J),PP0_ENERGY (J),PP1_ENERGY (J),TOTAL_MEMORY,TOTAL_SWAP,USED_MEMORY,USED_SWAP
0,1729559063863,4128,4299,4300,3981,4087,400,3386,4090,3.5714287757873535,11.111111640930176,6.896551609039307,3.5714287757873535,6.896551609039307,3.5714287757873535,0,0,0,149084.7275390625,22000.764770507813,5754.12158203125,16459386880,19327344640,1425920000,7481077760
200,1729559063863,4128,4299,4300,3981,4087,400,3386,4090,3.5714287757873535,11.111111640930176,6.896551609039307,3.5714287757873535,6.896551609039307,3.5714287757873535,0,0,0,149084.7275390625,22000.764770507813,5754.12158203125,16459386880,19327344640,1425920000,7481077760
0,1729559064063,4128,4299,4300,3981,4087,400,3386,4090,26.3157901763916,0,0,0,0,5,0,5,0,149086.58947753906,22002.06005859375,5754.1365966796875,16459386880,19327344640,1438277632,7481077760
