Delta,Time,CPU_FREQUENCY_0,CPU_FREQUENCY_1,CPU_FREQUENCY_2,CPU_FREQUENCY_3,CPU_FREQUENCY_4,CPU_FREQUENCY_5,CPU_FREQUENCY_6,CPU_FREQUENCY_7,CPU_USAGE_0,CPU_USAGE_1,CPU_USAGE_2,CPU_USAGE_3,CPU_USAGE_4,CPU_USAGE_5,CPU_USAGE_6,CPU_USAGE_7,DRAM_ENERGY (J),PACKAGE_ENERGY (J),PP0_ENERGY (J),PP1_ENERGY (J),TOTAL_MEMORY,TOTAL_SWAP,USED_MEMORY,USED_SWAP
0,1729495542178,2530,2081,400,3555,2214,3385,3624,4299,3.5714287757873535,13.793103218078613,0,0,6.896551609039307,3.5714287757873535,3.4482758045196533,3.7037036418914795,0,189566.86853027344,246990.3564453125,1586.178466796875,16459386880,19327344640,1390452736,5214855168
200,1729495542178,2530,2081,400,3555,2214,3385,3624,4299,3.5714287757873535,13.793103218078613,0,0,6.896551609039307,3.5714287757873535,3.4482758045196533,3.7037036418914795,0,189566.86853027344,246990.3564453125,1586.178466796875,16459386880,19327344640,1390452736,5214855168
0,1729495542378,2530,2081,400,3555,2214,3385,3624,4299,0,0,25,0,0,5.263157844543457,5,4.761904716491699,0,189568.94165039063,246991.80499267578,1586.2303466796875,16459386880,19327344640,1407414272,5214593024
