Delta,Time,CPU_FREQUENCY_0,CPU_FREQUENCY_1,CPU_FREQUENCY_2,CPU_FREQUENCY_3,CPU_FREQUENCY_4,CPU_FREQUENCY_5,CPU_FREQUENCY_6,CPU_FREQUENCY_7,CPU_USAGE_0,CPU_USAGE_1,CPU_USAGE_2,CPU_USAGE_3,CPU_USAGE_4,CPU_USAGE_5,CPU_USAGE_6,CPU_USAGE_7,DRAM_ENERGY (J),PACKAGE_ENERGY (J),PP0_ENERGY (J),PP1_ENERGY (J),TOTAL_MEMORY,TOTAL_SWAP,USED_MEMORY,USED_SWAP
0,1729485580268,4300,4300,4300,4299,4300,3717,4300,4300,10.344827651977539,10.714285850524902,0,7.142857551574707,0,10.344827651977539,3.5714287757873535,10.714285850524902,0,2107.4188232421875,88952.80596923828,1544.5743408203125,16459386880,19327344640,1139265536,4678107136
200,1729485580268,4300,4300,4300,4299,4300,3717,4300,4300,10.344827651977539,10.714285850524902,0,7.142857551574707,0,10.344827651977539,3.5714287757873535,10.714285850524902,0,2107.4188232421875,88952.80596923828,1544.5743408203125,16459386880,19327344640,1139265536,4678107136
0,1729485580468,4300,4300,4300,4299,4300,3717,4300,4300,15.000000953674316,0,14.285715103149414,5,0,0,0,0,0,2109.5111694335938,88954.2564086914,1544.6378173828125,16459386880,19327344640,1164627968,4678107136
