Delta,Time,CPU_FREQUENCY_0,CPU_FREQUENCY_1,CPU_FREQUENCY_2,CPU_FREQUENCY_3,CPU_FREQUENCY_4,CPU_FREQUENCY_5,CPU_FREQUENCY_6,CPU_FREQUENCY_7,CPU_USAGE_0,CPU_USAGE_1,CPU_USAGE_2,CPU_USAGE_3,CPU_USAGE_4,CPU_USAGE_5,CPU_USAGE_6,CPU_USAGE_7,DRAM_ENERGY (J),PACKAGE_ENERGY (J),PP0_ENERGY (J),PP1_ENERGY (J),TOTAL_MEMORY,TOTAL_SWAP,USED_MEMORY,USED_SWAP
0,1729437692741,1762,2808,1425,3027,3313,1857,2802,4300,0,10.714285850524902,6.6666669845581055,3.4482758045196533,3.4482758045196533,3.5714287757873535,3.4482758045196533,7.142857551574707,0,186670.45965576172,150842.94207763672,1259.050048828125,16459386880,19327344640,1284558848,2228686848
200,1729437692741,1762,2808,1425,3027,3313,1857,2802,4300,0,10.714285850524902,6.6666669845581055,3.4482758045196533,3.4482758045196533,3.5714287757873535,3.4482758045196533,7.142857551574707,0,186670.45965576172,150842.94207763672,1259.050048828125,16459386880,19327344640,1284558848,2228686848
0,1729437692941,1762,2808,1425,3027,3313,1857,2802,4300,0,23.809524536132813,0,0,0,4.761904716491699,0,10,0,186672.5604248047,150844.41900634766,1259.085205078125,16459386880,19327344640,1298046976,2228686848
