Delta,Time,CPU_FREQUENCY_0,CPU_FREQUENCY_1,CPU_FREQUENCY_2,CPU_FREQUENCY_3,CPU_FREQUENCY_4,CPU_FREQUENCY_5,CPU_FREQUENCY_6,CPU_FREQUENCY_7,CPU_USAGE_0,CPU_USAGE_1,CPU_USAGE_2,CPU_USAGE_3,CPU_USAGE_4,CPU_USAGE_5,CPU_USAGE_6,CPU_USAGE_7,DRAM_ENERGY (J),PACKAGE_ENERGY (J),PP0_ENERGY (J),PP1_ENERGY (J),TOTAL_MEMORY,TOTAL_SWAP,USED_MEMORY,USED_SWAP
0,1729444192280,3942,3605,400,2444,400,399,4264,4285,3.4482758045196533,14.285715103149414,3.4482758045196533,0,6.6666669845581055,3.5714287757873535,3.5714287757873535,6.6666669845581055,0,42003.000915527344,248872.42169189453,1301.84228515625,16459386880,19327344640,1200447488,2509029376
200,1729444192280,3942,3605,400,2444,400,399,4264,4285,3.4482758045196533,14.285715103149414,3.4482758045196533,0,6.6666669845581055,3.5714287757873535,3.5714287757873535,6.6666669845581055,0,42003.000915527344,248872.42169189453,1301.84228515625,16459386880,19327344640,1200447488,2509029376
0,1729444192481,3942,3605,400,2444,400,399,4264,4285,0,0,5,4.761904716491699,0,0,21.052631378173828,0,0,42005.24108886719,248873.99200439453,1301.891357421875,16459386880,19327344640,1234554880,2509029376
