Delta,Time,CPU_FREQUENCY_0,CPU_FREQUENCY_1,CPU_FREQUENCY_2,CPU_FREQUENCY_3,CPU_FREQUENCY_4,CPU_FREQUENCY_5,CPU_FREQUENCY_6,CPU_FREQUENCY_7,CPU_USAGE_0,CPU_USAGE_1,CPU_USAGE_2,CPU_USAGE_3,CPU_USAGE_4,CPU_USAGE_5,CPU_USAGE_6,CPU_USAGE_7,DRAM_ENERGY (J),PACKAGE_ENERGY (J),PP0_ENERGY (J),PP1_ENERGY (J),TOTAL_MEMORY,TOTAL_SWAP,USED_MEMORY,USED_SWAP
0,1729563552355,4026,2731,4300,4300,4300,3978,4300,4300,6.6666669845581055,10.344827651977539,6.6666669845581055,6.6666669845581055,3.4482758045196533,0,7.142857551574707,3.4482758045196533,0,233663.15655517578,93542.9351196289,5768.3255615234375,16459386880,19327344640,1289773056,7803133952
200,1729563552355,4026,2731,4300,4300,4300,3978,4300,4300,6.6666669845581055,10.344827651977539,6.6666669845581055,6.6666669845581055,3.4482758045196533,0,7.142857551574707,3.4482758045196533,0,233663.15655517578,93542.9351196289,5768.3255615234375,16459386880,19327344640,1289773056,7803133952
0,1729563552555,4026,2731,4300,4300,4300,3978,4300,4300,0,26.3157901763916,0,0,4.761904716491699,4.761904716491699,0,0,0,233664.90936279297,93544.14227294922,5768.34228515625,16459386880,19327344640,1307230208,7803133952
