Delta,Time,CPU_FREQUENCY_0,CPU_FREQUENCY_1,CPU_FREQUENCY_2,CPU_FREQUENCY_3,CPU_FREQUENCY_4,CPU_FREQUENCY_5,CPU_FREQUENCY_6,CPU_FREQUENCY_7,CPU_USAGE_0,CPU_USAGE_1,CPU_USAGE_2,CPU_USAGE_3,CPU_USAGE_4,CPU_USAGE_5,CPU_USAGE_6,CPU_USAGE_7,DRAM_ENERGY (J),PACKAGE_ENERGY (J),PP0_ENERGY (J),PP1_ENERGY (J),TOTAL_MEMORY,TOTAL_SWAP,USED_MEMORY,USED_SWAP
0,1729536167443,3773,4299,4300,4300,4316,3821,4312,4300,3.3333334922790527,10.344827651977539,6.896551609039307,3.4482758045196533,0,3.5714287757873535,3.4482758045196533,3.4482758045196533,0,251524.8598022461,191092.2738647461,5662.4095458984375,16459386880,19327344640,1098293248,6554841088
200,1729536167443,3773,4299,4300,4300,4316,3821,4312,4300,3.3333334922790527,10.344827651977539,6.896551609039307,3.4482758045196533,0,3.5714287757873535,3.4482758045196533,3.4482758045196533,0,251524.86669921875,191092.2788696289,5662.4095458984375,16459386880,19327344640,1098293248,6554841088
0,1729536167643,3773,4299,4300,4300,4316,3821,4312,4300,5,0,0,0,0,5,27.272727966308594,0,0,251526.78424072266,191093.61932373047,5662.432373046875,16459386880,19327344640,1120632832,6554841088
