Delta,Time,CPU_FREQUENCY_0,CPU_FREQUENCY_1,CPU_FREQUENCY_2,CPU_FREQUENCY_3,CPU_FREQUENCY_4,CPU_FREQUENCY_5,CPU_FREQUENCY_6,CPU_FREQUENCY_7,CPU_USAGE_0,CPU_USAGE_1,CPU_USAGE_2,CPU_USAGE_3,CPU_USAGE_4,CPU_USAGE_5,CPU_USAGE_6,CPU_USAGE_7,DRAM_ENERGY (J),PACKAGE_ENERGY (J),PP0_ENERGY (J),PP1_ENERGY (J),TOTAL_MEMORY,TOTAL_SWAP,USED_MEMORY,USED_SWAP
0,1729440864116,4143,4140,615,4300,4130,400,790,2547,3.3333334922790527,13.333333969116211,3.4482758045196533,6.6666669845581055,3.3333334922790527,0,6.45161247253418,3.3333334922790527,0,244649.0635986328,199292.33422851563,1279.9794921875,16459386880,19327344640,1272950784,2312183808
200,1729440864116,4143,4140,615,4300,4130,400,790,2547,3.3333334922790527,13.333333969116211,3.4482758045196533,6.6666669845581055,3.3333334922790527,0,6.45161247253418,3.3333334922790527,0,244649.0635986328,199292.33422851563,1279.9794921875,16459386880,19327344640,1273462784,2312183808
0,1729440864316,4143,4140,615,4300,4130,400,790,2547,5.263157844543457,0,5,5,0,19.047618865966797,0,0,0,244651.12615966797,199293.77508544922,1280.02783203125,16459386880,19327344640,1290629120,2312183808
