Delta,Time,CPU_FREQUENCY_0,CPU_FREQUENCY_1,CPU_FREQUENCY_2,CPU_FREQUENCY_3,CPU_FREQUENCY_4,CPU_FREQUENCY_5,CPU_FREQUENCY_6,CPU_FREQUENCY_7,CPU_USAGE_0,CPU_USAGE_1,CPU_USAGE_2,CPU_USAGE_3,CPU_USAGE_4,CPU_USAGE_5,CPU_USAGE_6,CPU_USAGE_7,DRAM_ENERGY (J),PACKAGE_ENERGY (J),PP0_ENERGY (J),PP1_ENERGY (J),TOTAL_MEMORY,TOTAL_SWAP,USED_MEMORY,USED_SWAP
0,1729542086634,4300,4300,4300,3767,4300,4300,4300,4298,0,9.67741870880127,12.90322494506836,6.6666669845581055,6.45161247253418,6.45161247253418,3.4482758045196533,3.3333334922790527,0,96796.36041259766,18823.864013671875,5686.6031494140625,16459386880,19327344640,1170448384,6786285568
200,1729542086634,4300,4300,4300,3767,4300,4300,4300,4298,0,9.67741870880127,12.90322494506836,6.6666669845581055,6.45161247253418,6.45161247253418,3.4482758045196533,3.3333334922790527,0,96796.36041259766,18823.864013671875,5686.6031494140625,16459386880,19327344640,1170448384,6786285568
0,1729542086834,4300,4300,4300,3767,4300,4300,4300,4298,25,0,0,0,0,0,0,0,0,96798.2025756836,18825.164794921875,5686.6162109375,16459386880,19327344640,1180188672,6786285568
