Delta,Time,CPU_FREQUENCY_0,CPU_FREQUENCY_1,CPU_FREQUENCY_2,CPU_FREQUENCY_3,CPU_FREQUENCY_4,CPU_FREQUENCY_5,CPU_FREQUENCY_6,CPU_FREQUENCY_7,CPU_USAGE_0,CPU_USAGE_1,CPU_USAGE_2,CPU_USAGE_3,CPU_USAGE_4,CPU_USAGE_5,CPU_USAGE_6,CPU_USAGE_7,DRAM_ENERGY (J),PACKAGE_ENERGY (J),PP0_ENERGY (J),PP1_ENERGY (J),TOTAL_MEMORY,TOTAL_SWAP,USED_MEMORY,USED_SWAP
0,1729518273270,4300,4300,4300,4300,3488,4299,4299,4299,3.5714287757873535,7.407407283782959,10.344827651977539,0,0,10.714285850524902,7.142857551574707,3.7037036418914795,0,184129.15844726563,178582.23736572266,5559.8704833984375,16459386880,19327344640,1273413632,5715288064
200,1729518273270,4300,4300,4300,4300,3488,4299,4299,4299,3.5714287757873535,7.407407283782959,10.344827651977539,0,0,10.714285850524902,7.142857551574707,3.7037036418914795,0,184129.15844726563,178582.23736572266,5559.8704833984375,16459386880,19327344640,1273413632,5715288064
0,1729518273471,4300,4300,4300,4300,3488,4299,4299,4299,0,0,0,0,5,4.761904716491699,21.052631378173828,0,0,184130.97985839844,178583.49395751953,5559.893310546875,16459386880,19327344640,1293791232,5715288064
