Delta,Time,CPU_FREQUENCY_0,CPU_FREQUENCY_1,CPU_FREQUENCY_2,CPU_FREQUENCY_3,CPU_FREQUENCY_4,CPU_FREQUENCY_5,CPU_FREQUENCY_6,CPU_FREQUENCY_7,CPU_USAGE_0,CPU_USAGE_1,CPU_USAGE_2,CPU_USAGE_3,CPU_USAGE_4,CPU_USAGE_5,CPU_USAGE_6,CPU_USAGE_7,DRAM_ENERGY (J),PACKAGE_ENERGY (J),PP0_ENERGY (J),PP1_ENERGY (J),TOTAL_MEMORY,TOTAL_SWAP,USED_MEMORY,USED_SWAP
0,1729527876768,2023,4300,4141,3722,4300,4299,3293,4300,3.5714287757873535,11.111111640930176,3.5714287757873535,3.7037036418914795,3.5714287757873535,3.5714287757873535,0,3.5714287757873535,0,97110.0078125,61794.232849121094,5614.516357421875,16459386880,19327344640,1061920768,6171590656
200,1729527876768,2023,4300,4141,3722,4300,4299,3293,4300,3.5714287757873535,11.111111640930176,3.5714287757873535,3.7037036418914795,3.5714287757873535,3.5714287757873535,0,3.5714287757873535,0,97110.0078125,61794.232849121094,5614.516357421875,16459386880,19327344640,1061920768,6171590656
0,1729527876968,2023,4300,4141,3722,4300,4299,3293,4300,28.571430206298828,0,0,0,0,0,0,0,0,97111.85510253906,61795.515380859375,5614.533447265625,16459386880,19327344640,1090322432,6171590656
