Delta,Time,CPU_FREQUENCY_0,CPU_FREQUENCY_1,CPU_FREQUENCY_2,CPU_FREQUENCY_3,CPU_FREQUENCY_4,CPU_FREQUENCY_5,CPU_FREQUENCY_6,CPU_FREQUENCY_7,CPU_USAGE_0,CPU_USAGE_1,CPU_USAGE_2,CPU_USAGE_3,CPU_USAGE_4,CPU_USAGE_5,CPU_USAGE_6,CPU_USAGE_7,DRAM_ENERGY (J),PACKAGE_ENERGY (J),PP0_ENERGY (J),PP1_ENERGY (J),TOTAL_MEMORY,TOTAL_SWAP,USED_MEMORY,USED_SWAP
0,1729538180870,4116,4300,4300,4299,3202,3627,4300,4288,3.4482758045196533,10.344827651977539,6.896551609039307,10,3.4482758045196533,3.5714287757873535,6.896551609039307,3.7037036418914795,0,26217.419494628906,221804.56323242188,5672.0008544921875,16459386880,19327344640,1273536512,6545743872
200,1729538180870,4116,4300,4300,4299,3202,3627,4300,4288,3.4482758045196533,10.344827651977539,6.896551609039307,10,3.4482758045196533,3.5714287757873535,6.896551609039307,3.7037036418914795,0,26217.419494628906,221804.56323242188,5672.0008544921875,16459386880,19327344640,1273536512,6545743872
0,1729538181070,4116,4300,4300,4299,3202,3627,4300,4288,26.3157901763916,4.761904716491699,0,0,0,0,0,5,0,26219.151306152344,221805.78515625,5672.0177001953125,16459386880,19327344640,1287376896,6545743872
