Delta,Time,CPU_FREQUENCY_0,CPU_FREQUENCY_1,CPU_FREQUENCY_2,CPU_FREQUENCY_3,CPU_FREQUENCY_4,CPU_FREQUENCY_5,CPU_FREQUENCY_6,CPU_FREQUENCY_7,CPU_USAGE_0,CPU_USAGE_1,CPU_USAGE_2,CPU_USAGE_3,CPU_USAGE_4,CPU_USAGE_5,CPU_USAGE_6,CPU_USAGE_7,DRAM_ENERGY (J),PACKAGE_ENERGY (J),PP0_ENERGY (J),PP1_ENERGY (J),TOTAL_MEMORY,TOTAL_SWAP,USED_MEMORY,USED_SWAP
0,1729524860668,4234,2442,4040,4163,400,400,400,602,6.896551609039307,10.714285850524902,3.5714287757873535,0,0,3.4482758045196533,6.6666669845581055,3.5714287757873535,0,40521.99365234375,14981.996643066406,5596.0867919921875,16459386880,19327344640,1288372224,5900025856
200,1729524860668,4234,2442,4040,4163,400,400,400,602,6.896551609039307,10.714285850524902,3.5714287757873535,0,0,3.4482758045196533,6.6666669845581055,3.5714287757873535,0,40521.99365234375,14981.996643066406,5596.0867919921875,16459386880,19327344640,1288372224,5900025856
0,1729524860868,4234,2442,4040,4163,400,400,400,602,0,0,14.285715103149414,0,5,10.526315689086914,0,0,0,40523.79522705078,14983.241577148438,5596.1065673828125,16459386880,19327344640,1305907200,5900025856
