Delta,Time,CPU_FREQUENCY_0,CPU_FREQUENCY_1,CPU_FREQUENCY_2,CPU_FREQUENCY_3,CPU_FREQUENCY_4,CPU_FREQUENCY_5,CPU_FREQUENCY_6,CPU_FREQUENCY_7,CPU_USAGE_0,CPU_USAGE_1,CPU_USAGE_2,CPU_USAGE_3,CPU_USAGE_4,CPU_USAGE_5,CPU_USAGE_6,CPU_USAGE_7,DRAM_ENERGY (J),PACKAGE_ENERGY (J),PP0_ENERGY (J),PP1_ENERGY (J),TOTAL_MEMORY,TOTAL_SWAP,USED_MEMORY,USED_SWAP
0,1729437565435,3438,400,925,4301,4222,4109,4010,3445,3.4482758045196533,16.666667938232422,0,3.4482758045196533,9.67741870880127,0,3.3333334922790527,3.4482758045196533,0,184207.0703125,148760.67706298828,1257.653076171875,16459386880,19327344640,2006499328,1587240960
200,1729437565435,3438,400,925,4301,4222,4109,4010,3445,3.4482758045196533,16.666667938232422,0,3.4482758045196533,9.67741870880127,0,3.3333334922790527,3.4482758045196533,0,184207.07751464844,148760.6815185547,1257.653076171875,16459386880,19327344640,2006499328,1587240960
0,1729437565635,3438,400,925,4301,4222,4109,4010,3445,4.761904716491699,0,5,0,0,23.809524536132813,0,5,0,184209.05432128906,148762.02966308594,1257.69287109375,16459386880,19327344640,2018426880,1587240960
