Delta,Time,CPU_FREQUENCY_0,CPU_FREQUENCY_1,CPU_FREQUENCY_2,CPU_FREQUENCY_3,CPU_FREQUENCY_4,CPU_FREQUENCY_5,CPU_FREQUENCY_6,CPU_FREQUENCY_7,CPU_USAGE_0,CPU_USAGE_1,CPU_USAGE_2,CPU_USAGE_3,CPU_USAGE_4,CPU_USAGE_5,CPU_USAGE_6,CPU_USAGE_7,DRAM_ENERGY (J),PACKAGE_ENERGY (J),PP0_ENERGY (J),PP1_ENERGY (J),TOTAL_MEMORY,TOTAL_SWAP,USED_MEMORY,USED_SWAP
0,1729480862228,4300,4299,4298,4300,4300,4300,4300,3632,6.896551609039307,11.111111640930176,0,7.142857551574707,6.896551609039307,10.344827651977539,7.142857551574707,3.4482758045196533,0,176375.10815429688,14904.405212402344,1526.458984375,16459386880,19327344640,1132195840,4324302848
200,1729480862228,4300,4299,4298,4300,4300,4300,4300,3632,6.896551609039307,11.111111640930176,0,7.142857551574707,6.896551609039307,10.344827651977539,7.142857551574707,3.4482758045196533,0,176375.10815429688,14904.405212402344,1526.458984375,16459386880,19327344640,1132195840,4324302848
0,1729480862429,4300,4299,4298,4300,4300,4300,4300,3632,5,0,0,0,0,0,4.761904716491699,26.3157901763916,0,176377.10034179688,14905.833435058594,1526.4813232421875,16459386880,19327344640,1154248704,4324040704
