Delta,Time,CPU_FREQUENCY_0,CPU_FREQUENCY_1,CPU_FREQUENCY_2,CPU_FREQUENCY_3,CPU_FREQUENCY_4,CPU_FREQUENCY_5,CPU_FREQUENCY_6,CPU_FREQUENCY_7,CPU_USAGE_0,CPU_USAGE_1,CPU_USAGE_2,CPU_USAGE_3,CPU_USAGE_4,CPU_USAGE_5,CPU_USAGE_6,CPU_USAGE_7,DRAM_ENERGY (J),PACKAGE_ENERGY (J),PP0_ENERGY (J),PP1_ENERGY (J),TOTAL_MEMORY,TOTAL_SWAP,USED_MEMORY,USED_SWAP
0,1729454877984,2018,4098,1456,4309,4204,1576,2635,3794,0,11.111111640930176,3.4482758045196533,0,3.5714287757873535,3.5714287757873535,0,3.5714287757873535,0,237461.06707763672,149254.20806884766,1365.0758056640625,16459386880,19327344640,1251897344,2994081792
200,1729454877984,2018,4098,1456,4309,4204,1576,2635,3794,0,11.111111640930176,3.4482758045196533,0,3.5714287757873535,3.5714287757873535,0,3.5714287757873535,0,237461.06707763672,149254.20806884766,1365.0758056640625,16459386880,19327344640,1251897344,2994081792
0,1729454878184,2018,4098,1456,4309,4204,1576,2635,3794,5.263157844543457,0,0,0,0,25,0,0,0,237463.1971435547,149255.69805908203,1365.1343994140625,16459386880,19327344640,1264496640,2994081792
