Delta,Time,CPU_FREQUENCY_0,CPU_FREQUENCY_1,CPU_FREQUENCY_2,CPU_FREQUENCY_3,CPU_FREQUENCY_4,CPU_FREQUENCY_5,CPU_FREQUENCY_6,CPU_FREQUENCY_7,CPU_USAGE_0,CPU_USAGE_1,CPU_USAGE_2,CPU_USAGE_3,CPU_USAGE_4,CPU_USAGE_5,CPU_USAGE_6,CPU_USAGE_7,DRAM_ENERGY (J),PACKAGE_ENERGY (J),PP0_ENERGY (J),PP1_ENERGY (J),TOTAL_MEMORY,TOTAL_SWAP,USED_MEMORY,USED_SWAP
0,1729491739310,3054,629,892,3890,3813,4300,3267,3145,0,10.714285850524902,0,0,3.5714287757873535,0,3.5714287757873535,3.4482758045196533,0,115533.35650634766,183931.01538085938,1569.145751953125,16459386880,19327344640,1227202560,5123051520
200,1729491739310,3054,629,892,3890,3813,4300,3267,3145,0,10.714285850524902,0,0,3.5714287757873535,0,3.5714287757873535,3.4482758045196533,0,115533.37097167969,183931.02697753906,1569.145751953125,16459386880,19327344640,1227202560,5123051520
0,1729491739510,3054,629,892,3890,3813,4300,3267,3145,0,4.761904716491699,0,35,0,0,0,0,0,115535.43682861328,183932.47009277344,1569.192138671875,16459386880,19327344640,1231646720,5123047424
