Delta,Time,CPU_FREQUENCY_0,CPU_FREQUENCY_1,CPU_FREQUENCY_2,CPU_FREQUENCY_3,CPU_FREQUENCY_4,CPU_FREQUENCY_5,CPU_FREQUENCY_6,CPU_FREQUENCY_7,CPU_USAGE_0,CPU_USAGE_1,CPU_USAGE_2,CPU_USAGE_3,CPU_USAGE_4,CPU_USAGE_5,CPU_USAGE_6,CPU_USAGE_7,DRAM_ENERGY (J),PACKAGE_ENERGY (J),PP0_ENERGY (J),PP1_ENERGY (J),TOTAL_MEMORY,TOTAL_SWAP,USED_MEMORY,USED_SWAP
0,1729527169252,4136,4148,4300,4300,3922,3897,4300,4299,3.4482758045196533,10.714285850524902,6.896551609039307,6.6666669845581055,10,3.5714287757873535,6.896551609039307,6.896551609039307,0,83924.7396850586,51008.44384765625,5610.0364990234375,16459386880,19327344640,1167376384,6104850432
200,1729527169252,4136,4148,4300,4300,3922,3897,4300,4299,3.4482758045196533,10.714285850524902,6.896551609039307,6.6666669845581055,10,3.5714287757873535,6.896551609039307,6.896551609039307,0,83924.7396850586,51008.44384765625,5610.0364990234375,16459386880,19327344640,1167376384,6104850432
0,1729527169452,4136,4148,4300,4300,3922,3897,4300,4299,26.3157901763916,5,0,0,0,0,0,0,0,83926.64428710938,51009.74743652344,5610.0694580078125,16459386880,19327344640,1178099712,6104588288
