Delta,Time,CPU_FREQUENCY_0,CPU_FREQUENCY_1,CPU_FREQUENCY_2,CPU_FREQUENCY_3,CPU_FREQUENCY_4,CPU_FREQUENCY_5,CPU_FREQUENCY_6,CPU_FREQUENCY_7,CPU_USAGE_0,CPU_USAGE_1,CPU_USAGE_2,CPU_USAGE_3,CPU_USAGE_4,CPU_USAGE_5,CPU_USAGE_6,CPU_USAGE_7,DRAM_ENERGY (J),PACKAGE_ENERGY (J),PP0_ENERGY (J),PP1_ENERGY (J),TOTAL_MEMORY,TOTAL_SWAP,USED_MEMORY,USED_SWAP
0,1729480272810,400,4300,400,2758,4352,4231,3957,541,6.6666669845581055,10.344827651977539,0,0,0,3.4482758045196533,0,3.3333334922790527,0,165723.7211303711,6171.204345703125,1522.0833740234375,16459386880,19327344640,1564823552,4076691456
200,1729480272810,400,4300,400,2758,4352,4231,3957,541,6.6666669845581055,10.344827651977539,0,0,0,3.4482758045196533,0,3.3333334922790527,0,165723.7211303711,6171.204345703125,1522.0833740234375,16459386880,19327344640,1564823552,4076691456
0,1729480273010,400,4300,400,2758,4352,4231,3957,541,0,5,5,9.090909004211426,0,28.571430206298828,0,0,0,165725.64672851563,6172.583068847656,1522.108154296875,16459386880,19327344640,1578577920,4076691456
